{"adam_beta_1": 0.8, "adam_beta_2": 0.9837281593553109, "fine_tune_lr": 2.5033303458263406e-05, "frozen_lr": 0.01, "last_resnet_layer": "conv4_block6_out"}